expected_file,agent_answer,gold,correct_doc_retrieved,exact,substring,token_recall,jaccard,rouge1_f,overlap,bleu,bert_cos
20260131_1400,FINAL ANSWER: The café is “The Java Spot.” Source: C:\Users\Francisco Azeredo\OneDrive\Documents\tecnico\5 ano\tese\Código\MiniRAG\dataset\LiHua-World\data\LiHuaWorld\LiHua-World\week4\20260131_1400.txt — “There’s a great little café not far from here called ‘The Java Spot.’”,The Java Spot,True,False,True,1.0,0.08,0.20689654986920336,0.6666666666666666,0.07692307692307693,0.5368463397026062
20261014_1400,"FINAL ANSWER: LiHua is enthusiastic about adding stealth, seeing it as a way to deepen teamwork and strategy—assigning roles (e.g., one distracts while others sneak) and emphasizing clear communication. As he puts it, “I’m excited just thinking about it! We might need to assign roles… Communication will definitely be key.” Source: C:\Users\Francisco Azeredo\OneDrive\Documents\tecnico\5 ano\tese\Código\MiniRAG\dataset\LiHua-World\data\LiHuaWorld\LiHua-World\week41\20261014_1400.txt",it could lead to some really engaging and strategic gameplay,True,False,False,0.3,0.08571428571428572,0.14999999625000007,0.3,0.10344827586206899,0.32876354455947876
20261013_1330,FINAL ANSWER: He didn’t propose specific activities; he asked the group what to include: “What kind of activities should we include for the gathering?” (source: C:\Users\Francisco Azeredo\OneDrive\Documents\tecnico\5 ano\tese\Código\MiniRAG\dataset\LiHua-World\data\LiHuaWorld\LiHua-World\week41\20261013_1330.txt),games for kids & flower planting workshops & good food,True,False,False,0.125,0.029411764705882353,0.054054050372534954,0.1111111111111111,0.03571428571428572,0.2960743308067322
20261024_1100,FINAL ANSWER: Background music. As RexxarRemar put it: “A little background music could really set the mood!” Source: C:\Users\Francisco Azeredo\OneDrive\Documents\tecnico\5 ano\tese\Código\MiniRAG\dataset\LiHua-World\data\LiHuaWorld\LiHua-World\week42\20261024_1100.txt,organizing some music,True,False,False,0.3333333333333333,0.05263157894736842,0.2857142808163266,0.3333333333333333,0.0588235294117647,0.46863362193107605
20260914_1000,"FINAL ANSWER: Proper warm-up and stretching before any game. As Jake put it: “First off, proper warm-up and stretching are key before any game.” [Source: C:\Users\Francisco Azeredo\OneDrive\Documents\tecnico\5 ano\tese\Código\MiniRAG\dataset\LiHua-World\data\LiHuaWorld\LiHua-World\week37\20260914_1000.txt]",proper warm-up and stretching,True,False,True,1.0,0.4444444444444444,0.4615384572781066,1.0,0.4444444444444444,0.760138213634491
20260826_1700,"FINAL ANSWER: Kaer Morhen, Skellige, and Toussaint.
- Source: C:\Users\Francisco Azeredo\OneDrive\Documents\tecnico\5 ano\tese\Código\MiniRAG\dataset\LiHua-World\data\LiHuaWorld\LiHua-World\week33\20260818_1000.txt — “Battle of Kaer Morhen.” / “The vibe of Toussaint is just beautiful”
- Source: C:\Users\Francisco Azeredo\OneDrive\Documents\tecnico\5 ano\tese\Código\MiniRAG\dataset\LiHua-World\data\LiHuaWorld\LiHua-World\week34\20260826_1700.txt — “The scenery in Skellige is just breathtaking!” / “Skellige is stunning, but… Toussaint”",Skellige and Toussaint,True,False,True,1.0,0.1111111111111111,0.3999999958,0.6666666666666666,0.14285714285714285,0.7381286025047302
20261006_1000,FINAL ANSWER: Rodri. Source: C:\Users\Francisco Azeredo\OneDrive\Documents\tecnico\5 ano\tese\Código\MiniRAG\dataset\LiHua-World\data\LiHuaWorld\LiHua-World\week40\20261006_1000.txt — “What about someone like Rodri? His importance in that midfield is huge!”,Rodri,True,False,True,1.0,0.0,0.4999999962500001,0.0,0,0.839794933795929
20261014_1400,FINAL ANSWER: He wants to know whether the game will have crossplay. Source: C:\Users\Francisco Azeredo\OneDrive\Documents\tecnico\5 ano\tese\Código\MiniRAG\dataset\LiHua-World\data\LiHuaWorld\LiHua-World\week41\20261014_1400.txt — “Any updates on whether the game will feature crossplay? That would make it even better!”,whether it will feature crossplay,True,False,False,1.0,0.1875,0.3529411723183391,0.6,0.21428571428571425,0.7548460960388184
20261009_1700,FINAL ANSWER: Chips. “I can bring some chips!” [source: C:\Users\Francisco Azeredo\OneDrive\Documents\tecnico\5 ano\tese\Código\MiniRAG\dataset\LiHua-World\data\LiHuaWorld\LiHua-World\week40\20261009_1700.txt],Chips,True,False,True,1.0,0.0,0.4999999962500001,0.0,0,0.8599007725715637
20261020_1000,"FINAL ANSWER: LiHua says the game strikes a refreshing balance—switching between action and thinking—so “every session feel[s] different.” Source: C:\Users\Francisco Azeredo\OneDrive\Documents\tecnico\5 ano\tese\Código\MiniRAG\dataset\LiHua-World\data\LiHuaWorld\LiHua-World\week42\20261020_1000.txt
Quote: “I love that balance. It's refreshing to switch between action and thinking. Makes every session feel different.”",It's refreshing to switch between action and thinking,True,False,True,1.0,0.7777777777777778,0.999999995,0.875,0.875,0.9788864850997925
20261010_1010,FINAL ANSWER: Rowan says Cersei represents “the idea that power comes at a cost.” Source: “Rowan: What’s fascinating is how much Cersei represents the idea that power comes at a cost.” (C:\Users\Francisco Azeredo\OneDrive\Documents\tecnico\5 ano\tese\Código\MiniRAG\dataset\LiHua-World\data\LiHuaWorld\LiHua-World\week40\20261010_1010.txt),Power comes at a cost,True,False,True,1.0,0.15384615384615385,0.24999999736328127,0.8,0.11764705882352941,0.36017686128616333
20260619_0815,"FINAL ANSWER: Nutrition for athletes. 
Source: C:\Users\Francisco Azeredo\OneDrive\Documents\tecnico\5 ano\tese\Código\MiniRAG\dataset\LiHua-World\data\LiHuaWorld\LiHua-World\week24\20260619_0815.txt — “there’s a special guest speaker talking about nutrition for athletes soon.”",about nutrition for athletes,True,False,True,1.0,0.2857142857142857,0.4444444395061729,1.0,0.4,0.8824727535247803
20260206_1600,"FINAL ANSWER: 2026-02-06 at 16:00. 
""LiHua: Hey Jennifer! I've been feeling pretty sore after our workout sessions. Do you have any tips or tricks for dealing with the muscle soreness?"" 
Source: C:\Users\Francisco Azeredo\OneDrive\Documents\tecnico\5 ano\tese\Código\MiniRAG\dataset\LiHua-World\data\LiHuaWorld\LiHua-World\week5\20260206_1600.txt",20260206_16:00,True,False,False,0.5,0.0,0.0,0.0,0,0.7214667201042175
20260821_1500,FINAL ANSWER: Jasper recommends the 2005 UEFA Champions League final: Liverpool vs AC Milan. Quote: “One match that's always a classic is the 2005 final between Liverpool and AC Milan.” Source: C:\Users\Francisco Azeredo\OneDrive\Documents\tecnico\5 ano\tese\Código\MiniRAG\dataset\LiHua-World\data\LiHuaWorld\LiHua-World\week33\20260821_1500.txt,The 2005 final between Liverpool and AC Milan,True,False,True,1.0,0.3333333333333333,0.4666666627555556,0.875,0.3571428571428572,0.8081575632095337
20261010_1010,"FINAL ANSWER: That after all her efforts to cling to power, it ultimately caught up to her — “poetic in a tragic way.” Source: C:\Users\Francisco Azeredo\OneDrive\Documents\tecnico\5 ano\tese\Código\MiniRAG\dataset\LiHua-World\data\LiHuaWorld\LiHua-World\week40\20261010_1010.txt (“I found her end pretty haunting… It felt like it all caught up to her in the end, which was poetic in a tragic way.”)",How much she fought to hold onto her power,True,False,False,0.3333333333333333,0.045454545454545456,0.0816326500624741,0.2222222222222222,0.03846153846153846,0.5231472253799438
20260518_1000,"FINAL ANSWER: It was scheduled to start on Wednesday, May 20, 2026 (“Just a reminder that construction starts this Wednesday.”). Source: C:\Users\Francisco Azeredo\OneDrive\Documents\tecnico\5 ano\tese\Código\MiniRAG\dataset\LiHua-World\data\LiHuaWorld\LiHua-World\week20\20260518_1000.txt",This Wednesday (20260520),True,False,False,0.6666666666666666,0.045454545454545456,0.0833333311458334,0.3333333333333333,0.05000000000000001,0.6302473545074463
20260401_1500,"FINAL ANSWER: He pretended he’d “just bought a set of expensive drums,” then admitted, “just kidding! It was an April Fool’s joke!” Source: C:\Users\Francisco Azeredo\OneDrive\Documents\tecnico\5 ano\tese\Código\MiniRAG\dataset\LiHua-World\data\LiHuaWorld\LiHua-World\week13\20260401_1500.txt",That Wolfgang bought a set of expensive drums,True,False,False,0.75,0.2777777777777778,0.43478260415879016,0.625,0.3125,0.6339424252510071
20260108_1100,"FINAL ANSWER: 12:00. Source: C:\Users\Francisco Azeredo\OneDrive\Documents\tecnico\5 ano\tese\Código\MiniRAG\dataset\LiHua-World\data\LiHuaWorld\LiHua-World\week1\20260108_1100.txt — ""remind you about our lunch at the cozy café downtown at 12:00.""",20260108,True,False,True,0.0,0.0,0.0,0.0,0,0.22374098002910614
20260921_1000,FINAL ANSWER: He proposed making a simple flyer listing local businesses to share with the community. As he put it: “put together a little flyer … with a list of those businesses.” Source: C:\Users\Francisco Azeredo\OneDrive\Documents\tecnico\5 ano\tese\Código\MiniRAG\dataset\LiHua-World\data\LiHuaWorld\LiHua-World\week38\20260921_1000.txt,Putting together a flyer with a list of local businesses,True,False,False,0.8888888888888888,0.2727272727272727,0.46666666246666666,0.6666666666666666,0.3499999999999999,0.6664738655090332
20260106_1500,"FINAL ANSWER: Tomorrow at 10 AM (i.e., 2026-01-07 at 10:00, based on the message timestamp). Source: C:\Users\Francisco Azeredo\OneDrive\Documents\tecnico\5 ano\tese\Código\MiniRAG\dataset\LiHua-World\data\LiHuaWorld\LiHua-World\week1\20260106_1500.txt — “Hey Li Hua, just wanted to confirm that the plumber will be arriving tomorrow at 10 AM to fix the water tap.”",tomorrow at 10 AM,True,False,True,1.0,0.2857142857142857,0.2999999968,1.0,0.26666666666666666,0.7328783273696899
20260701_1000,FINAL ANSWER: Because of prolonged bad weather—“the storm and the rain have been going on for days”—so the construction had to be postponed. Source: C:\Users\Francisco Azeredo\OneDrive\Documents\tecnico\5 ano\tese\Código\MiniRAG\dataset\LiHua-World\data\LiHuaWorld\LiHua-World\week26\20260701_1000.txt,the storm and the rain have been going on for days,True,False,True,1.0,0.391304347826087,0.5624999957031251,0.9,0.43478260869565216,0.604311466217041
20260921_1000,FINAL ANSWER: Support for local businesses. Source: C:\Users\Francisco Azeredo\OneDrive\Documents\tecnico\5 ano\tese\Código\MiniRAG\dataset\LiHua-World\data\LiHuaWorld\LiHua-World\week38\20260921_1000.txt — “it’s crucial to align our support for local businesses with the garden project schedule.”,Support for local businesses,True,False,True,1.0,0.42857142857142855,0.7999999952000001,1.0,0.5,0.8888876438140869
20260303_0930,FINAL ANSWER: Yuriko Yamamoto. “Hey Yuriko! … Looking forward to discussing the homepage updates!” (C:\Users\Francisco Azeredo\OneDrive\Documents\tecnico\5 ano\tese\Código\MiniRAG\dataset\LiHua-World\data\LiHuaWorld\LiHua-World\week9\20260306_1300.txt),Yuriko Yamamoto,False,False,True,1.0,0.2,0.6666666622222223,0.5,0.25,0.8837319612503052
20261019_1900,FINAL ANSWER: Snacks. Source: C:\Users\Francisco Azeredo\OneDrive\Documents\tecnico\5 ano\tese\Código\MiniRAG\dataset\LiHua-World\data\LiHuaWorld\LiHua-World\week42\20261019_1900.txt — “I’ll bring some snacks too.”,snacks,True,False,True,1.0,0.1,0.15384615242603553,1.0,0.10000000000000002,0.813173770904541
20260410_1100,FINAL ANSWER: “Stand By Me.” As LiHua suggests: “How about we try something classic like ‘Stand By Me’?” and the group agrees to work on it for Sunday’s jam. Source: C:\Users\Francisco Azeredo\OneDrive\Documents\tecnico\5 ano\tese\Código\MiniRAG\dataset\LiHua-World\data\LiHuaWorld\LiHua-World\week14\20260410_1100.txt,Stand By Me,True,False,True,1.0,0.03333333333333333,0.12499999830078126,0.3333333333333333,0.034482758620689655,0.6625769734382629
20260728_1800,FINAL ANSWER: Pottery and painting. “How about pottery or painting?” (source: C:\Users\Francisco Azeredo\OneDrive\Documents\tecnico\5 ano\tese\Código\MiniRAG\dataset\LiHua-World\data\LiHuaWorld\LiHua-World\week30\20260728_1800.txt),Wolfgang Schulz proposes pottery or painting as a hobby to Li Hua,True,False,False,0.25,0.10526315789473684,0.18181817685950424,0.2222222222222222,0.15922918012750872,0.4678567051887512
20260915_1200,FINAL ANSWER: Rowan finds Arya’s takedown of the Night King mind-blowing — “the moment Arya confronts the Night King and takes him down was mind-blowing!” (source: C:\Users\Francisco Azeredo\OneDrive\Documents\tecnico\5 ano\tese\Código\MiniRAG\dataset\LiHua-World\data\LiHuaWorld\LiHua-World\week37\20260915_1200.txt),When Arya confronts and takes down the Night King,True,False,False,0.8888888888888888,0.2962962962962963,0.44444444069444444,0.8888888888888888,0.27586206896551724,0.801141619682312
20260925_2100,FINAL ANSWER: Saturday at 4 PM at the usual spot. Source: C:\Users\Francisco Azeredo\OneDrive\Documents\tecnico\5 ano\tese\Código\MiniRAG\dataset\LiHua-World\data\LiHuaWorld\LiHua-World\week38\20260925_2100.txt — “Let’s say Saturday at 4 PM at the usual spot?”,Saturday at 4 PM at the usual spot,True,False,True,1.0,0.6,0.8749999950781251,0.8571428571428571,0.7,0.911691427230835
20261014_1400,"FINAL ANSWER: He’s strongly in favor of them. He says he’d “love to see some stealth boosts,” because they let you “sneak past enemies or get the jump on them,” adding a new layer to gameplay and enabling co-op strategies with “sneaky maneuvers.” Source: C:\Users\Francisco Azeredo\OneDrive\Documents\tecnico\5 ano\tese\Código\MiniRAG\dataset\LiHua-World\data\LiHuaWorld\LiHua-World\week41\20261014_1400.txt.",they add a whole new layer to gameplay,True,False,False,0.75,0.15,0.24999999722222221,0.75,0.15384615384615385,0.3242343068122864
20260915_1200,"FINAL ANSWER: Rowan is intrigued by Jaime Lannister’s transformation—particularly after meeting Brienne of Tarth—how he shifts from an arrogant knight to someone with depth and complexity. 
- ""I’m really intrigued by Jaime Lannister’s storyline, especially his transformation after meeting Brienne of Tarth. It's like he goes from being this arrogant knight to having real depth and complexity."" (C:\Users\Francisco Azeredo\OneDrive\Documents\tecnico\5 ano\tese\Código\MiniRAG\dataset\LiHua-World\data\LiHuaWorld\LiHua-World\week37\20260915_1200.txt)
- Supporting: ""What about his bond with Brienne? That was a major catalyst too!"" (C:\Users\Francisco Azeredo\OneDrive\Documents\tecnico\5 ano\tese\Código\MiniRAG\dataset\LiHua-World\data\LiHuaWorld\LiHua-World\week43\20261026_2000.txt)",His transformation after meeting Brienne of Tarth,True,False,True,1.0,0.35294117647058826,0.5217391262003781,0.8571428571428571,0.375,0.6394116878509521
20261010_1010,"FINAL ANSWER: Saffron points to the loss of Cersei’s children as the turning point in her life. “Losing her kids really pushed her over the edge, didn’t it?” (source: C:\Users\Francisco Azeredo\OneDrive\Documents\tecnico\5 ano\tese\Código\MiniRAG\dataset\LiHua-World\data\LiHuaWorld\LiHua-World\week40\20261010_1010.txt)",Losing her kids,True,False,True,1.0,0.13333333333333333,0.22222221944444445,0.6666666666666666,0.13333333333333333,0.4917765259742737
20261011_1100,"FINAL ANSWER: The Stanley Parable. 
Source: C:\Users\Francisco Azeredo\OneDrive\Documents\tecnico\5 ano\tese\Código\MiniRAG\dataset\LiHua-World\data\LiHuaWorld\LiHua-World\week40\20261011_1100.txt — “The Stanley Parable … playing with various storytelling tropes.”",The Stanley Parable,True,False,True,1.0,0.3333333333333333,0.7499999953125,0.6666666666666666,0.4,0.919768214225769
20260508_0800,"FINAL ANSWER: 15% — “I’m offering 15% off all pastries and special cakes for Mother’s Day!”
Source: C:\Users\Francisco Azeredo\OneDrive\Documents\tecnico\5 ano\tese\Código\MiniRAG\dataset\LiHua-World\data\LiHuaWorld\LiHua-World\week18\20260508_0800.txt",15%,True,False,True,1.0,0.05263157894736842,0.09523809433106578,1.0,0.05000000000000001,0.5400421619415283
20260814_1500,FINAL ANSWER: He suggests setting up snacks and drinks (a simple snack station with quick bites) to make it more enjoyable. “I think having some snacks or drinks at the garage sale could also be a fun touch.” Source: C:\Users\Francisco Azeredo\OneDrive\Documents\tecnico\5 ano\tese\Código\MiniRAG\dataset\LiHua-World\data\LiHuaWorld\LiHua-World\week32\20260814_1500.txt,RexxarRemar suggests having snacks or drinks at the garage sale,True,False,False,0.9,0.34782608695652173,0.48484848062442615,0.8,0.38095238095238093,0.5950849652290344
20260921_1600,"FINAL ANSWER: AdamSmith will bring the tools for the curtain installation. Source: C:\Users\Francisco Azeredo\OneDrive\Documents\tecnico\5 ano\tese\Código\MiniRAG\dataset\LiHua-World\data\LiHuaWorld\LiHua-World\week38\20260921_1600.txt — “I’ll bring the tools, and we’ll get it done.”",AdamSmith,True,False,True,1.0,0.1,0.18181818016528928,1.0,0.0909090909090909,0.41590115427970886
20260917_1000,FINAL ANSWER: LiHua thinks Gerard Piqué “deserves a mention” as a defender because “he had that combination of skill and intelligence in defense.” Source: C:\Users\Francisco Azeredo\OneDrive\Documents\tecnico\5 ano\tese\Código\MiniRAG\dataset\LiHua-World\data\LiHuaWorld\LiHua-World\week37\20260917_1000.txt,He deserves a mention for his skill and intelligence,True,False,False,0.7777777777777778,0.12903225806451613,0.21621621253469692,0.4444444444444444,0.14814814814814814,0.47340458631515503
20261006_1000,FINAL ANSWER: Snacks. “I’ll bring some snacks for us to enjoy after the match.” Source: C:\Users\Francisco Azeredo\OneDrive\Documents\tecnico\5 ano\tese\Código\MiniRAG\dataset\LiHua-World\data\LiHuaWorld\LiHua-World\week40\20261006_1000.txt,Snacks,True,False,True,1.0,0.06666666666666667,0.4999999962500001,1.0,0.06666666666666667,0.813173770904541
20260920_1600,"FINAL ANSWER: The strategy—planning approaches and working with teammates—and the adrenaline rush in the final circle. “I love the strategy involved in it… Plus, the adrenaline rush when you're in the final circle is unbeatable!” (Source: C:\Users\Francisco Azeredo\OneDrive\Documents\tecnico\5 ano\tese\Código\MiniRAG\dataset\LiHua-World\data\LiHuaWorld\LiHua-World\week37\20260920_1600.txt)",The strategy involved and the adrenaline rush,True,False,False,1.0,0.26666666666666666,0.4545454502066116,0.8333333333333334,0.3125,0.7754166126251221
20260922_1200,"FINAL ANSWER: Persona 5 Royal. Source: C:\Users\Francisco Azeredo\OneDrive\Documents\tecnico\5 ano\tese\Código\MiniRAG\dataset\LiHua-World\data\LiHuaWorld\LiHua-World\week38\20260922_1200.txt — “Lately, I’ve been hooked on ‘Persona 5 Royal.’ The blend of RPG elements and social simulation is really well done.”",Persona 5 Royal,True,False,True,1.0,0.3333333333333333,0.7499999953125,0.6666666666666666,0.4,0.8856542110443115
20260922_1700,"FINAL ANSWER: LiHua. 
Source: C:\Users\Francisco Azeredo\OneDrive\Documents\tecnico\5 ano\tese\Código\MiniRAG\dataset\LiHua-World\data\LiHuaWorld\LiHua-World\week38\20260922_1700.txt 
Short quote: “LiHua: Hey Emily! Just wondering, have you ever read The Lord of the Rings novels?”",LiHua,True,False,True,1.0,0.0,0.4999999962500001,0.0,0,0.781294584274292
20260729_1400,"FINAL ANSWER: Mitsubishi and Daikin. 
Source: “Brands like Mitsubishi and Daikin are known for being quiet and efficient.” 
File: C:\Users\Francisco Azeredo\OneDrive\Documents\tecnico\5 ano\tese\Código\MiniRAG\dataset\LiHua-World\data\LiHuaWorld\LiHua-World\week30\20260729_1400.txt",Mitsubishi and Daikin,True,False,True,1.0,0.3333333333333333,0.7499999953125,1.0,0.4,0.9320592880249023
20260604_1800,"FINAL ANSWER: Because the paint isn’t dry yet. As Turalyon said: “the paint isn’t dry yet, so please don’t sit on them for now.” (Source: C:\Users\Francisco Azeredo\OneDrive\Documents\tecnico\5 ano\tese\Código\MiniRAG\dataset\LiHua-World\data\LiHuaWorld\LiHua-World\week22\20260604_1800.txt)",the paint isn't dry yet,True,False,True,1.0,0.3,0.6153846106508877,0.6,0.375,0.7654902338981628
20260922_1200,"FINAL ANSWER: Relaxing, exploratory gameplay—wandering and taking in the world. Source: C:\Users\Francisco Azeredo\OneDrive\Documents\tecnico\5 ano\tese\Código\MiniRAG\dataset\LiHua-World\data\LiHuaWorld\LiHua-World\week38\20260922_1200.txt — “I also enjoy some relaxing gameplay, especially after a big challenge. It’s nice to just explore and take in the world.”",Relaxing gameplay,True,False,True,1.0,0.058823529411764705,0.0,0.5,0.0625,0.6930772066116333
20260828_1000,"FINAL ANSWER: Cheese and bacon; he also likes to keep it simple with lettuce, tomato, and pickles. 
- “I’m all for classic cheese and maybe some bacon.” (C:\Users\Francisco Azeredo\OneDrive\Documents\tecnico\5 ano\tese\Código\MiniRAG\dataset\LiHua-World\data\LiHuaWorld\LiHua-World\week34\20260828_1000.txt)
- “Just keep it simple with lettuce, tomato, and some pickles.” (C:\Users\Francisco Azeredo\OneDrive\Documents\tecnico\5 ano\tese\Código\MiniRAG\dataset\LiHua-World\data\LiHuaWorld\LiHua-World\week3\20260122_1700.txt)",Cheese and bacon,True,False,True,1.0,0.11764705882352941,0.21052631313019393,0.6666666666666666,0.11764705882352941,0.6521872282028198
20261013_1330,FINAL ANSWER: Thrall. “Excited to see how the garden evolves!” Source: C:\Users\Francisco Azeredo\OneDrive\Documents\tecnico\5 ano\tese\Código\MiniRAG\dataset\LiHua-World\data\LiHuaWorld\LiHua-World\week41\20261013_1330.txt,Thrall,True,False,True,1.0,0.0,0.4999999962500001,0.0,0,0.8199804425239563
20260516_1000,"FINAL ANSWER: Soft white lights. “I’m leaning towards soft white lights! They give a cozy and inviting glow, perfect for relaxing evenings in the garden.” (source: C:\Users\Francisco Azeredo\OneDrive\Documents\tecnico\5 ano\tese\Código\MiniRAG\dataset\LiHua-World\data\LiHuaWorld\LiHua-World\week19\20260516_1000.txt)",Soft white lights,True,False,True,1.0,0.3333333333333333,0.7499999953125,0.6666666666666666,0.4,0.9159584045410156
20260922_1200,"FINAL ANSWER: Horizon Forbidden West. “I’m really into 'Horizon Forbidden West' right now! The world is stunning, and the gameplay mechanics are top-notch.” Source: C:\Users\Francisco Azeredo\OneDrive\Documents\tecnico\5 ano\tese\Código\MiniRAG\dataset\LiHua-World\data\LiHuaWorld\LiHua-World\week38\20260922_1200.txt",Horizon Forbidden West,True,False,True,1.0,0.3333333333333333,0.7499999953125,0.6666666666666666,0.4,0.8871787190437317
20260204_1500,"FINAL ANSWER: February 4, 2026 at 15:00 — “So do you think we can change a training plan?” (source: C:\Users\Francisco Azeredo\OneDrive\Documents\tecnico\5 ano\tese\Código\MiniRAG\dataset\LiHua-World\data\LiHuaWorld\LiHua-World\week5\20260204_1500.txt)",20260204,True,False,True,0.0,0.0,0.0,0.0,0,0.27545520663261414
20260425_2100,"FINAL ANSWER: Li Hua is bringing Chae (a neurosurgeon) to the jam session. Source: C:\Users\Francisco Azeredo\OneDrive\Documents\tecnico\5 ano\tese\Código\MiniRAG\dataset\LiHua-World\data\LiHuaWorld\LiHua-World\week16\20260425_2100.txt — “Her name's Chae, she’s a neurosurgeon.”",ChaeSong-hwa,True,False,False,0.0,0.0,0.0,0.0,0,0.3480972349643707
20260205_1300,"FINAL ANSWER: Jennifer Moore suggested Li Hua do the following at home:
- Bodyweight squats
- Plank holds
- Push-ups
- Lunges
- Glute bridges

Short quote: “Here are a few exercises you can do at home: 1. Bodyweight squats… 2. Plank holds… 3. Push-ups… 4. Lunges… 5. Glute bridges.”

Source: C:\Users\Francisco Azeredo\OneDrive\Documents\tecnico\5 ano\tese\Código\MiniRAG\dataset\LiHua-World\data\LiHuaWorld\LiHua-World\week5\20260205_1300.txt",bodyweight squats& plank holds&push-ups&lunges&glute bridges,True,False,True,1.0,0.14285714285714285,0.1538461491124262,0.6,0.17113903967753066,0.6796914935112
20261025_1600,FINAL ANSWER: Cinque Terre — “I’d love to check out Cinque Terre!” (source: C:\Users\Francisco Azeredo\OneDrive\Documents\tecnico\5 ano\tese\Código\MiniRAG\dataset\LiHua-World\data\LiHuaWorld\LiHua-World\week42\20261025_1600.txt),Cinque Terre,True,False,True,1.0,0.13333333333333333,0.2222222202469136,1.0,0.12500000000000003,0.6295965313911438
20261011_1100,"FINAL ANSWER: The Witcher 3. 
Source: C:\Users\Francisco Azeredo\OneDrive\Documents\tecnico\5 ano\tese\Código\MiniRAG\dataset\LiHua-World\data\LiHuaWorld\LiHua-World\week40\20261011_1100.txt — “The Witcher 3 is absolutely phenomenal! I love how the storytelling weaves into every corner of the game.”",The Witcher 3,True,False,True,1.0,0.3333333333333333,0.7499999953125,0.6666666666666666,0.4,0.8886079788208008
20260819_1800,"FINAL ANSWER: Final Fantasy XVI. “For me, I'm really curious about how they’ll merge the action elements with traditional RPG mechanics.” Source: C:\Users\Francisco Azeredo\OneDrive\Documents\tecnico\5 ano\tese\Código\MiniRAG\dataset\LiHua-World\data\LiHuaWorld\LiHua-World\week33\20260819_1800.txt",Ghostwire: Tokyo,True,False,False,0.0,0.0,0.0,0.0,0,0.2230747640132904
20260814_1500,"FINAL ANSWER: AdamSmith. “By the way, if anyone needs help with setting up for the garage sale, just let me know!” [Source: C:\Users\Francisco Azeredo\OneDrive\Documents\tecnico\5 ano\tese\Código\MiniRAG\dataset\LiHua-World\data\LiHuaWorld\LiHua-World\week32\20260814_1500.txt]",AdamSmith,True,False,True,1.0,0.0,0.4999999962500001,0.0,0,0.8632125854492188
20260518_1000,"FINAL ANSWER: Bluebell, Camellia, and Tulip. 
“RexxarRemar: The Bluebell, Camellia, and Tulip combo sounds awesome for a vibrant vibe!” 
Source: C:\Users\Francisco Azeredo\OneDrive\Documents\tecnico\5 ano\tese\Código\MiniRAG\dataset\LiHua-World\data\LiHuaWorld\LiHua-World\week20\20260518_1000.txt",Bluebell and Camellia and Tulip,True,False,False,1.0,0.1111111111111111,0.39999999520000007,0.5,0.16666666666666669,0.9312942624092102
20260612_1500,FINAL ANSWER: GromHellscream. “maybe we could create a little garden area where kids can help plant flowers or vegetables.” Source: C:\Users\Francisco Azeredo\OneDrive\Documents\tecnico\5 ano\tese\Código\MiniRAG\dataset\LiHua-World\data\LiHuaWorld\LiHua-World\week23\20260612_1500.txt,GromHellscream,True,False,True,1.0,0.0,0.4999999962500001,0.0,0,0.8896105885505676
20260730_1730,FINAL ANSWER: Li Hua. Source: C:\Users\Francisco Azeredo\OneDrive\Documents\tecnico\5 ano\tese\Código\MiniRAG\dataset\LiHua-World\data\LiHuaWorld\LiHua-World\week30\20260730_1730.txt — “How about sharing some of your favorite fitness tips with the group?”,LiHua,True,False,True,1.0,0.0,0.0,0.0,0,0.5783443450927734
20260924_2000,"FINAL ANSWER: He’s positive and ready—“I feel pretty strong lately, so yeah, I'm up for the challenge! Let's do it!” Source: C:\Users\Francisco Azeredo\OneDrive\Documents\tecnico\5 ano\tese\Código\MiniRAG\dataset\LiHua-World\data\LiHuaWorld\LiHua-World\week38\20260924_2000.txtHow does LiHua feel about the bench press challenge proposed by JenniferMoore?",LiHua feels pretty strong and is up for the challenge,True,False,False,0.8,0.2857142857142857,0.4444444397805213,0.6,0.35294117647058826,0.47505971789360046
20260328_1500,"FINAL ANSWER: The building’s recycling policy. 
Source: C:\Users\Francisco Azeredo\OneDrive\Documents\tecnico\5 ano\tese\Código\MiniRAG\dataset\LiHua-World\data\LiHuaWorld\LiHua-World\week12\20260328_1500.txt
Quote: “just a quick reminder about the building's recycling policy.”",Recycling policy,True,False,True,1.0,0.14285714285714285,0.24999999625000005,0.5,0.16666666666666669,0.8057453632354736
20260822_1700,FINAL ANSWER: Guitar playing. As Li Hua told WolfgangSchulz: “I think I'll try to get better at guitar too.” Source: C:\Users\Francisco Azeredo\OneDrive\Documents\tecnico\5 ano\tese\Código\MiniRAG\dataset\LiHua-World\data\LiHuaWorld\LiHua-World\week52\20261230_1500.txt,Data analysis and coding related to AI tools,False,False,False,0.25,0.038461538461538464,0.06896551324613578,0.125,0.05263157894736841,0.19971638917922974
20260921_1600,FINAL ANSWER: Wednesday. Source: C:\Users\Francisco Azeredo\OneDrive\Documents\tecnico\5 ano\tese\Código\MiniRAG\dataset\LiHua-World\data\LiHuaWorld\LiHua-World\week41\20261012_1000.txt — “How about this Wednesday at 5 pm? … Wednesday at 5 pm sounds perfect.”,Thursday afternoon,False,False,False,0.0,0.0,0.0,0.0,0,0.650203287601471
20260904_1000,"FINAL ANSWER: Classic lullabies, gentle guitar melodies, and some of their band’s mellow tunes. 
Source: C:\Users\Francisco Azeredo\OneDrive\Documents\tecnico\5 ano\tese\Código\MiniRAG\dataset\LiHua-World\data\LiHuaWorld\LiHua-World\week35\20260904_1000.txt — “some classic lullabies… maybe some gentle guitar melodies… Plus, you can always sneak in some of our band’s mellow tunes!”",Lullabies,True,False,True,1.0,0.0,0.0,0.0,0,0.6059089303016663
20261001_1800,FINAL ANSWER: Stretch before practice. Source: C:\Users\Francisco Azeredo\OneDrive\Documents\tecnico\5 ano\tese\Código\MiniRAG\dataset\LiHua-World\data\LiHuaWorld\LiHua-World\week39\20261001_1800.txt — “just a reminder to stretch before practice too!”,Stretch,True,False,True,1.0,0.2,0.33333333055555564,1.0,0.2,0.7451456189155579
20261015_1500,"FINAL ANSWER: WolfgangSchulz. ""Hey man! Wanna grab some pizza for dinner after work?"" (source: C:\Users\Francisco Azeredo\OneDrive\Documents\tecnico\5 ano\tese\Código\MiniRAG\dataset\LiHua-World\data\LiHuaWorld\LiHua-World\week41\20261015_1500.txt)",WolfgangSchulz,True,False,True,1.0,0.0,0.4999999962500001,0.0,0,0.845996618270874
20260915_1200,"FINAL ANSWER: Niamh believes Jaime could have ended up as a true protector of the realm if he’d stayed true to the lessons he learned from Brienne and fully stepped away from Cersei. As she puts it: “if Jaime had stayed true to the lessons he learned from Brienne, he could’ve ended up being a true protector of the realm. Maybe stepping away from Cersei completely could have showcased his growth more.” Source: C:\Users\Francisco Azeredo\OneDrive\Documents\tecnico\5 ano\tese\Código\MiniRAG\dataset\LiHua-World\data\LiHuaWorld\LiHua-World\week37\20260915_1200.txt",By staying true to the lessons he learned from Brienne,True,False,False,0.8,0.25925925925925924,0.4117647017301038,0.8,0.25925925925925924,0.6073911786079407
20261001_2000,"FINAL ANSWER: LiHua is very positive: he praises the visuals as “stunning,” “super vibrant,” and immersive, and says the graphics “look insane.” He also finds the gameplay “really fluid,” “dynamic,” with mechanics that feel “fresh and exciting.”
- “the visuals are stunning! … the gameplay mechanics feel really fresh and exciting.” (C:\Users\Francisco Azeredo\OneDrive\Documents\tecnico\5 ano\tese\Código\MiniRAG\dataset\LiHua-World\data\LiHuaWorld\LiHua-World\week42\20261020_1000.txt)
- “The graphics look insane, and the gameplay seems really fluid.” (C:\Users\Francisco Azeredo\OneDrive\Documents\tecnico\5 ano\tese\Código\MiniRAG\dataset\LiHua-World\data\LiHuaWorld\LiHua-World\week39\20261001_2000.txt)
- “I love how the gameplay feels so dynamic.” (C:\Users\Francisco Azeredo\OneDrive\Documents\tecnico\5 ano\tese\Código\MiniRAG\dataset\LiHua-World\data\LiHuaWorld\LiHua-World\week47\20261124_1400.txt)",The graphics look insane and the gameplay seems really fluid,True,False,True,1.0,0.2413793103448276,0.4102564064431296,0.7777777777777778,0.21052631578947367,0.6257215738296509
20260921_1000,"FINAL ANSWER: A list of local businesses—“A list would be super helpful. Let's each think of a few businesses we love to support, and share them.” (Source: C:\Users\Francisco Azeredo\OneDrive\Documents\tecnico\5 ano\tese\Código\MiniRAG\dataset\LiHua-World\data\LiHuaWorld\LiHua-World\week38\20260921_1000.txt)",A list of businesses they love to support,True,False,False,0.875,0.23809523809523808,0.3157894688088643,0.625,0.2777777777777778,0.631288468837738
20260302_1845,FINAL ANSWER: Homemade pasta salad. Source: C:\Users\Francisco Azeredo\OneDrive\Documents\tecnico\5 ano\tese\Código\MiniRAG\dataset\LiHua-World\data\LiHuaWorld\LiHua-World\week9\20260302_1845.txt — “I can whip up some homemade pasta salad.”,Homemade pasta salad,True,False,True,1.0,0.3333333333333333,0.7499999953125,0.6666666666666666,0.4,0.8603652119636536
20260921_1600,"FINAL ANSWER: AdamSmith. ""LiHua: Hey Adam, ... Can you help me out with installing a curtain on the basement window?"" Source: C:\Users\Francisco Azeredo\OneDrive\Documents\tecnico\5 ano\tese\Código\MiniRAG\dataset\LiHua-World\data\LiHuaWorld\LiHua-World\week38\20260921_1600.txt",AdamSmith,True,False,True,1.0,0.0,0.4999999962500001,0.0,0,0.8632125854492188
20260925_2100,"FINAL ANSWER: About 30 seconds per stretch. ""Just hold each stretch for about 30 seconds."" Source: C:\Users\Francisco Azeredo\OneDrive\Documents\tecnico\5 ano\tese\Código\MiniRAG\dataset\LiHua-World\data\LiHuaWorld\LiHua-World\week38\20260925_2100.txt",About 30 seconds,True,False,True,1.0,0.42857142857142855,0.5999999958,1.0,0.42857142857142855,0.7464414834976196
20260826_1800,"FINAL ANSWER: The group describes Kendall’s relationship with Logan as toxic and cyclical—Kendall keeps seeking his father’s validation despite repeated betrayals, making reconciliation unlikely. As they put it: “His relationship with Logan is so toxic, but Kendall keeps coming back for more validation” and “Reconciliation seems unlikely… Their bond is so toxic.” [Source: C:\Users\Francisco Azeredo\OneDrive\Documents\tecnico\5 ano\tese\Código\MiniRAG\dataset\LiHua-World\data\LiHuaWorld\LiHua-World\week34\20260826_1800.txt]",Toxic,True,False,True,1.0,0.041666666666666664,0.0,1.0,0.041666666666666664,0.3007276654243469
20261006_1000,FINAL ANSWER: His interceptions and passing — “he was everywhere! His interceptions and passing were key to keeping the momentum up for City.” Source: C:\Users\Francisco Azeredo\OneDrive\Documents\tecnico\5 ano\tese\Código\MiniRAG\dataset\LiHua-World\data\LiHuaWorld\LiHua-World\week40\20261006_1000.txt,His interceptions and passing,True,False,True,1.0,0.4,0.5714285673469389,1.0,0.4,0.791053295135498
20260307_1445,"FINAL ANSWER: 2:00 PM to 3:00 PM. ""Just a quick reminder that there will be a power outage today from 2pm to 3pm."" Source: C:\Users\Francisco Azeredo\OneDrive\Documents\tecnico\5 ano\tese\Código\MiniRAG\dataset\LiHua-World\data\LiHuaWorld\LiHua-World\week9\20260308_1300.txt

(Also announced the day before: ""there will be a power outage tomorrow from 2pm to 3pm."" Source: C:\Users\Francisco Azeredo\OneDrive\Documents\tecnico\5 ano\tese\Código\MiniRAG\dataset\LiHua-World\data\LiHuaWorld\LiHua-World\week9\20260307_1445.txt)",2 PM to 3 PM,True,False,False,1.0,0.2222222222222222,0.39999999520000007,0.5,0.2857142857142857,0.745776891708374
20260131_1400,FINAL ANSWER: WolfgangSchulz. “Just keep a clear log of all the changes they request.” Source: C:\Users\Francisco Azeredo\OneDrive\Documents\tecnico\5 ano\tese\Código\MiniRAG\dataset\LiHua-World\data\LiHuaWorld\LiHua-World\week4\20260131_1400.txt,Wolfgang Schulz,True,False,False,0.0,0.0,0.0,0.0,0,0.6810872554779053
20260624_1400,"FINAL ANSWER: A video of him playing the intro to “Stairway to Heaven.” 
- Source: C:\Users\Francisco Azeredo\OneDrive\Documents\tecnico\5 ano\tese\Código\MiniRAG\dataset\LiHua-World\data\LiHuaWorld\LiHua-World\week25\20260624_1400.txt
- Quote: “Just sent a video of me playing the intro to ‘Stairway to Heaven.’”","a video of himself playing the intro to ""Stairway to Heaven""",True,False,False,0.9,0.2692307692307692,0.3888888848765432,0.7,0.24242424242424243,0.7818102836608887
20260812_1100,FINAL ANSWER: 6 PM on 2026-08-12. “the contractor team is coming to install the AC in the basement at 6 PM today.” Source: C:\Users\Francisco Azeredo\OneDrive\Documents\tecnico\5 ano\tese\Código\MiniRAG\dataset\LiHua-World\data\LiHuaWorld\LiHua-World\week32\20260812_1100.txt,20260812 6PM,True,False,False,0.0,0.0,0.0,0.0,0,0.596856415271759
20260916_1600,FINAL ANSWER: The exploration of free will and choice. “I’m really drawn to the exploration of free will and choice.” (source: C:\Users\Francisco Azeredo\OneDrive\Documents\tecnico\5 ano\tese\Código\MiniRAG\dataset\LiHua-World\data\LiHuaWorld\LiHua-World\week37\20260916_1600.txt),The exploration of free will and choice,True,False,True,1.0,0.6,0.8749999950781251,0.8571428571428571,0.6666666666666666,0.9318528771400452
20261001_1800,FINAL ANSWER: Water (and maybe some snacks for after). “Don’t forget to bring your water and maybe some snacks for after!” Source: C:\Users\Francisco Azeredo\OneDrive\Documents\tecnico\5 ano\tese\Código\MiniRAG\dataset\LiHua-World\data\LiHuaWorld\LiHua-World\week43\20261026_1600.txt,Water bottles,False,False,False,0.5,0.1,0.18181817884297521,0.5,0.11111111111111109,0.3386955261230469
20260922_1700,FINAL ANSWER: He suggests they should keep sharing their thoughts as the series unfolds. “Let’s keep sharing our thoughts as the series unfolds!” (source: C:\Users\Francisco Azeredo\OneDrive\Documents\tecnico\5 ano\tese\Código\MiniRAG\dataset\LiHua-World\data\LiHuaWorld\LiHua-World\week38\20260922_1700.txt),Keep sharing their thoughts,True,False,True,1.0,0.2857142857142857,0.3333333298765432,1.0,0.2857142857142857,0.5752066969871521
20260915_1200,"FINAL ANSWER: He says it “complicates his redemption” and leaves him with “mixed feelings” about Jaime’s arc. Source: C:\Users\Francisco Azeredo\OneDrive\Documents\tecnico\5 ano\tese\Código\MiniRAG\dataset\LiHua-World\data\LiHuaWorld\LiHua-World\week37\20260915_1200.txt (“by choosing to protect Cersei in the end, it kind of complicates his redemption… that choice left me with mixed feelings.”)",It complicates his redemption and leaves mixed feelings,True,False,False,1.0,0.19047619047619047,0.23999999564800004,0.5,0.23529411764705885,0.6879513263702393
20260407_1900,"FINAL ANSWER: Saturday at 7 PM — specifically April 11, 2026, at 19:00. Sources: “I’m hosting a community medical knowledge lecture this Saturday at 7 PM.” (C:\Users\Francisco Azeredo\OneDrive\Documents\tecnico\5 ano\tese\Código\MiniRAG\dataset\LiHua-World\data\LiHuaWorld\LiHua-World\week14\20260407_1900.txt); “remind you about the community medical knowledge lecture tonight at 7 PM.” (C:\Users\Francisco Azeredo\OneDrive\Documents\tecnico\5 ano\tese\Código\MiniRAG\dataset\LiHua-World\data\LiHuaWorld\LiHua-World\week14\20260411_1600.txt)",7 PM on Saturday,True,False,False,0.75,0.23076923076923078,0.3749999962500001,0.75,0.23076923076923078,0.6541301012039185
20260922_1200,"FINAL ANSWER: Dyllan says the combat is “tricky sometimes,” especially when fighting flying machines. Source: C:\Users\Francisco Azeredo\OneDrive\Documents\tecnico\5 ano\tese\Código\MiniRAG\dataset\LiHua-World\data\LiHuaWorld\LiHua-World\week38\20260922_1200.txt (“But the combat can be tricky sometimes—like when dealing with those flying machines.”)",It can be tricky sometimes,True,False,False,0.8,0.15789473684210525,0.24999999670138892,0.6,0.17647058823529413,0.37843477725982666
20260914_1000,FINAL ANSWER: Proper warm-up and stretching before playing. As Jake says: “proper warm-up and stretching are key before any game. It helps to get your muscles ready and improves flexibility.” (Source: C:\Users\Francisco Azeredo\OneDrive\Documents\tecnico\5 ano\tese\Código\MiniRAG\dataset\LiHua-World\data\LiHuaWorld\LiHua-World\week37\20260914_1000.txt),staying hydrated,True,False,False,0.0,0.0,0.0,0.0,0,0.29344746470451355
20261001_1800,"FINAL ANSWER: JakeWatson. Source: C:\Users\Francisco Azeredo\OneDrive\Documents\tecnico\5 ano\tese\Código\MiniRAG\dataset\LiHua-World\data\LiHuaWorld\LiHua-World\week39\20261001_1800.txt — ""Hey everyone! Just a reminder to always drink water before and during the match.""",JakeWatson,True,False,True,1.0,0.0,0.4999999962500001,0.0,0,0.8750370144844055
Time 20260930_1600,"FINAL ANSWER: Cold beer. ""How about some cold beer to go with the hot pot?"" Source: C:\Users\Francisco Azeredo\OneDrive\Documents\tecnico\5 ano\tese\Código\MiniRAG\dataset\LiHua-World\data\LiHuaWorld\LiHua-World\week39\20260930_1600.txt",Cold beer,False,False,True,1.0,0.2,0.6666666622222223,1.0,0.25,0.8481937050819397
20261024_1100,"FINAL ANSWER: A weekend picnic (with a potluck-style meal). 
Source: C:\Users\Francisco Azeredo\OneDrive\Documents\tecnico\5 ano\tese\Código\MiniRAG\dataset\LiHua-World\data\LiHuaWorld\LiHua-World\week42\20261024_1100.txt — “we’re organizing a weekend picnic… Let’s plan to have some games and maybe a potluck? Everyone can bring a dish to share!”",a potluck,True,False,True,1.0,0.125,0.22222221876543213,0.5,0.14285714285714285,0.5729440450668335
20260930_1400,"FINAL ANSWER: He says he’s “feeling strong and motivated.” Source: C:\Users\Francisco Azeredo\OneDrive\Documents\tecnico\5 ano\tese\Código\MiniRAG\dataset\LiHua-World\data\LiHuaWorld\LiHua-World\week39\20260930_1400.txt (“Thanks, Jennifer! I appreciate the encouragement! Feeling strong and motivated!”)",Strong and motivated,True,False,True,1.0,0.4,0.2857142808163266,0.6666666666666666,0.5,0.7231264710426331
20261001_2000,FINAL ANSWER: LiHua. Source: C:\Users\Francisco Azeredo\OneDrive\Documents\tecnico\5 ano\tese\Código\MiniRAG\dataset\LiHua-World\data\LiHuaWorld\LiHua-World\week39\20261001_2000.txt — “Hey Thane! What do you think about Sekiro: Shadows Die Twice? I've been thinking about getting it. Is it worth it?”,LiHua,True,False,True,1.0,0.0,0.4999999962500001,0.0,0,0.781294584274292
20261006_1000,FINAL ANSWER: Farrah — “I’ll bring some cones for drills...” (source: C:\Users\Francisco Azeredo\OneDrive\Documents\tecnico\5 ano\tese\Código\MiniRAG\dataset\LiHua-World\data\LiHuaWorld\LiHua-World\week40\20261006_1000.txt),Farrah,True,False,True,1.0,0.07142857142857142,0.11764705771626299,1.0,0.07142857142857141,0.40733036398887634
20260916_1900,"FINAL ANSWER: Very enthusiastic and supportive—LiHua says improvisation will make sessions “more fun and creative,” will “really challenge us and help us grow as musicians,” and they “love the idea of jamming without a strict plan” because it keeps things “spontaneous and exciting.” [source: C:\Users\Francisco Azeredo\OneDrive\Documents\tecnico\5 ano\tese\Código\MiniRAG\dataset\LiHua-World\data\LiHuaWorld\LiHua-World\week37\20260916_1900.txt]",It will make sessions more fun and creative,True,False,False,1.0,0.13953488372093023,0.19607842872741257,0.75,0.12765957446808512,0.4019756019115448
20261014_1400,"FINAL ANSWER: Dyllan is very positive about crossplay. He says it was “awesome getting to team up with friends on different consoles,” that it “makes playing together much easier,” and he hopes new games support it because it “opens up so many opportunities for finding teammates.” Source: C:\Users\Francisco Azeredo\OneDrive\Documents\tecnico\5 ano\tese\Código\MiniRAG\dataset\LiHua-World\data\LiHuaWorld\LiHua-World\week41\20261014_1400.txt",it was awesome and makes playing together much easier,True,False,False,1.0,0.15,0.24489795618492297,0.6666666666666666,0.14285714285714285,0.4134582281112671
20260915_1200,"FINAL ANSWER: Saffron feels conflicted. She acknowledges Jaime’s loyalty to Cersei but thinks it looks like he’s regressing, which could overshadow his growth: “I felt really conflicted about it too… on one hand, it showed his loyalty to Cersei… but on the other hand, it seemed like he was slipping back into his old ways.” Source: C:\Users\Francisco Azeredo\OneDrive\Documents\tecnico\5 ano\tese\Código\MiniRAG\dataset\LiHua-World\data\LiHuaWorld\LiHua-World\week37\20260915_1200.txt",Conflicted because it seems like he was slipping back into old ways,True,False,False,0.8333333333333334,0.1956521739130435,0.3157894703601109,0.75,0.16666666666666669,0.4087688624858856
20260902_1600,"FINAL ANSWER: Ramsay Bolton. As Merrick put it: “I’m leaning toward Ramsay though, he was just pure evil.” Source: C:\Users\Francisco Azeredo\OneDrive\Documents\tecnico\5 ano\tese\Código\MiniRAG\dataset\LiHua-World\data\LiHuaWorld\LiHua-World\week35\20260902_1600.txt",Cersei Lannister,True,False,False,0.0,0.0,0.0,0.0,0,0.4670151174068451
20261024_1100,FINAL ANSWER: To bring the community together—so people can relax and get to know each other better. As noted: “we’re organizing a weekend picnic to bring the community together… It’ll be a fun way to relax and get to know each other better!” (source: C:\Users\Francisco Azeredo\OneDrive\Documents\tecnico\5 ano\tese\Código\MiniRAG\dataset\LiHua-World\data\LiHuaWorld\LiHua-World\week42\20261024_1100.txt),to bring the community together and get to know each other better,True,False,False,1.0,0.5,0.7142857095153062,0.8181818181818182,0.5882352941176471,0.9040130972862244
20260909_1000,"FINAL ANSWER: Bronwyn says the epilogue is “so captivating,” describing how seeing John try to make a life after Arthur felt “both hopeful and tragic,” that it “tied up loose ends” while keeping “an air of melancholy,” and it “made the overall experience feel complete.” Source: C:\Users\Francisco Azeredo\OneDrive\Documents\tecnico\5 ano\tese\Código\MiniRAG\dataset\LiHua-World\data\LiHuaWorld\LiHua-World\week36\20260909_1000.txt",captivating after seeing John try to make a life for himself,True,False,False,0.8181818181818182,0.16326530612244897,0.2711864376443551,0.7272727272727273,0.16326530612244897,0.49916380643844604
20261021_2100,"FINAL ANSWER: Stranger Things — “For binge-watching, I recommend ‘Stranger Things’...” (source: C:\Users\Francisco Azeredo\OneDrive\Documents\tecnico\5 ano\tese\Código\MiniRAG\dataset\LiHua-World\data\LiHuaWorld\LiHua-World\week47\20261126_1630.txt)",The Last of Us,False,False,False,0.0,0.0,0.0,0.0,0,0.2008528709411621
20260510_1130,FINAL ANSWER: Dynamic stretches before a workout and static stretches after. Source: C:\Users\Francisco Azeredo\OneDrive\Documents\tecnico\5 ano\tese\Código\MiniRAG\dataset\LiHua-World\data\LiHuaWorld\LiHua-World\week18\20260510_1130.txt — “Dynamic stretches are great before a workout… while static stretches are best after exercising to cool down.”,Dynamic stretches before and static stretches after,True,False,False,1.0,0.45454545454545453,0.7499999953125,0.8333333333333334,0.5454545454545454,0.8151544332504272
20260522_2000,FINAL ANSWER: He suggested scheduling quiet hours during kids’ playtime to reduce construction noise—“plan some quiet hours when the kids are playing.” Source: C:\Users\Francisco Azeredo\OneDrive\Documents\tecnico\5 ano\tese\Código\MiniRAG\dataset\LiHua-World\data\LiHuaWorld\LiHua-World\week20\20260522_2000.txt,plan some quiet hours when the kids are playing,True,False,True,1.0,0.2692307692307692,0.4571428533224491,0.7777777777777778,0.2692307692307693,0.6502870917320251
20261009_1700,"FINAL ANSWER: Soda and juice. 
Source: C:\Users\Francisco Azeredo\OneDrive\Documents\tecnico\5 ano\tese\Código\MiniRAG\dataset\LiHua-World\data\LiHuaWorld\LiHua-World\week40\20261009_1700.txt 
Quote: “Just some soda and juice will be perfect.”",Soda and juice,True,False,True,1.0,0.3333333333333333,0.7499999953125,1.0,0.4,0.8949175477027893
20261014_1400,"FINAL ANSWER: Crossplay support. “Any updates on whether the game will feature crossplay? That would make it even better!” and “Haven't seen anything about crossplay yet, but it would be a huge plus!” Source: C:\Users\Francisco Azeredo\OneDrive\Documents\tecnico\5 ano\tese\Código\MiniRAG\dataset\LiHua-World\data\LiHuaWorld\LiHua-World\week41\20261014_1400.txt",co-op missions and shared loot system,True,False,False,0.14285714285714285,0.037037037037037035,0.0689655139595721,0.16666666666666666,0.041666666666666664,0.2705739736557007
20261006_1000,"FINAL ANSWER: Tiki-taka — a possession-heavy, quick short‑passing, positional style. “The tiki-taka style they played was just beautiful to watch.” (Source: C:\Users\Francisco Azeredo\OneDrive\Documents\tecnico\5 ano\tese\Código\MiniRAG\dataset\LiHua-World\data\LiHuaWorld\LiHua-World\week40\20261006_1000.txt)",Tiki-taka,True,False,True,1.0,0.1,0.18181818016528928,1.0,0.10000000000000002,0.7673960328102112
20261001_2000,FINAL ANSWER: He says they’re “super satisfying once you figure them out.” Source: C:\Users\Francisco Azeredo\OneDrive\Documents\tecnico\5 ano\tese\Código\MiniRAG\dataset\LiHua-World\data\LiHuaWorld\LiHua-World\week39\20261001_2000.txt,The thrill of strategizing how to take them down and the breathtaking scenery,True,False,False,0.08333333333333333,0.037037037037037035,0.06451612416233128,0.08333333333333333,0.0625,0.15193010866641998
20261010_1010,"FINAL ANSWER: Rowan says Cersei’s independence made her stronger but also isolated—she chose power over connection, and it backfired. “Her independence definitely made her a lot stronger… it turned her into such a fierce and isolated figure… she had to choose between power and connection, and she chose power, which backfired.” Source: C:\Users\Francisco Azeredo\OneDrive\Documents\tecnico\5 ano\tese\Código\MiniRAG\dataset\LiHua-World\data\LiHuaWorld\LiHua-World\week40\20261010_1010.txt",It made her stronger but also more isolated,True,False,False,0.875,0.2857142857142857,0.37037036620027436,0.75,0.3157894736842105,0.5922574400901794
20261010_1010,FINAL ANSWER: EmilyBurnett. “Hey guys! I was reviewing Cersei's journey in Game of Thrones this afternoon.” Source: C:\Users\Francisco Azeredo\OneDrive\Documents\tecnico\5 ano\tese\Código\MiniRAG\dataset\LiHua-World\data\LiHuaWorld\LiHua-World\week40\20261010_1010.txt,EmilyBurnett,True,False,True,1.0,0.0,0.4999999962500001,0.0,0,0.8515156507492065
20260204_1500,"FINAL ANSWER: Tuesdays and Thursdays.

Sources:
- C:\Users\Francisco Azeredo\OneDrive\Documents\tecnico\5 ano\tese\Código\MiniRAG\dataset\LiHua-World\data\LiHuaWorld\LiHua-World\week5\20260204_1500.txt — “How about we do Tuesdays and Thursdays?... LiHua: Tuesdays and Thursdays work perfectly for me!”
- C:\Users\Francisco Azeredo\OneDrive\Documents\tecnico\5 ano\tese\Código\MiniRAG\dataset\LiHua-World\data\LiHuaWorld\LiHua-World\week26\20260630_1800.txt — “We can start with a few sessions next week… How about adding them on our regular days?... Tuesdays and Thursdays.”",Tuesdays and Thursdays,True,False,True,1.0,0.5,0.8571428522448981,1.0,0.6666666666666666,0.9365354776382446
20260511_1100,"FINAL ANSWER: Thursday at 3 PM. 
Source: C:\Users\Francisco Azeredo\OneDrive\Documents\tecnico\5 ano\tese\Código\MiniRAG\dataset\LiHua-World\data\LiHuaWorld\LiHua-World\week19\20260511_1100.txt — “It’s on Thursday at 3 PM.”",Thursday at 3 PM,True,False,True,1.0,0.42857142857142855,0.7999999952000001,0.75,0.5,0.8372642993927002
20260917_1000,"FINAL ANSWER: JakeWatson — Carles Puyol; LiHua — Gerard Piqué. 
- ""I'd say Carles Puyol has to be up there."" and ""I also think Gerard Piqué deserves a mention."" 
Source: C:\Users\Francisco Azeredo\OneDrive\Documents\tecnico\5 ano\tese\Código\MiniRAG\dataset\LiHua-World\data\LiHuaWorld\LiHua-World\week37\20260917_1000.txt",Carles Puyol and Gerard Piqué,True,False,False,1.0,0.2727272727272727,0.4285714239795918,0.6,0.3333333333333333,0.7188417911529541
20260625_1900,"FINAL ANSWER: “Viva la Vida” by Coldplay. 
Source: C:\Users\Francisco Azeredo\OneDrive\Documents\tecnico\5 ano\tese\Código\MiniRAG\dataset\LiHua-World\data\LiHuaWorld\LiHua-World\week25\20260625_1900.txt
Quote: “I just heard a song, ‘Viva la Vida’ by Coldplay… Would be awesome to add to our set!”",Viva la Vida by Coldplay,True,False,True,1.0,0.2,0.499999995138889,0.4,0.2857142857142857,0.8875616788864136
20261020_1000,"FINAL ANSWER: ThaneChambers recalls the first encounter with the giant enemies—strategizing how to take them down and being struck by the breathtaking scenery during the fight. ""I loved the part where you first encounter the giant enemies... the scenery during that fight was breathtaking!"" Source: C:\Users\Francisco Azeredo\OneDrive\Documents\tecnico\5 ano\tese\Código\MiniRAG\dataset\LiHua-World\data\LiHuaWorld\LiHua-World\week39\20261001_2000.txt",a moment where he faced a tricky puzzle,False,False,False,0.14285714285714285,0.045454545454545456,0.0869565175047261,0.14285714285714285,0.05555555555555554,0.23157118260860443
20260219_2010,"FINAL ANSWER: Wolfgang Schulz suggested:
- Add “good lighting” and “soundproofing,” plus a “comfy chair.”
- Decorate with posters or framed album covers.
- Add a corkboard for inspiration.
- Set up a small shelf for gear.
- “Keep it functional.”

Source: C:\Users\Francisco Azeredo\OneDrive\Documents\tecnico\5 ano\tese\Código\MiniRAG\dataset\LiHua-World\data\LiHuaWorld\LiHua-World\week7\20260219_2010.txt (""Maybe start with some good lighting… add some soundproofing. A comfy chair… How about hanging up posters… framed album covers… add a corkboard… set up a little shelf… Just remember to keep it functional too!"")",good lighting&soundproofing&a comfy chair,True,False,False,1.0,0.05263157894736842,0.09090908793388439,0.25,0.0588235294117647,0.7185739278793335
20260916_1900,FINAL ANSWER: Improvisational solos — “What do you all think about incorporating some improvisational solos into our practice sessions?” (source: C:\Users\Francisco Azeredo\OneDrive\Documents\tecnico\5 ano\tese\Código\MiniRAG\dataset\LiHua-World\data\LiHuaWorld\LiHua-World\week37\20260916_1900.txt),Improvisational solos,True,False,True,1.0,0.09523809523809523,0.15999999852800004,1.0,0.08695652173913045,0.7918863296508789
20260922_1700,"FINAL ANSWER: Galadriel. ""I'm totally into Galadriel! Her strength and determination are really inspiring."" (Source: C:\Users\Francisco Azeredo\OneDrive\Documents\tecnico\5 ano\tese\Código\MiniRAG\dataset\LiHua-World\data\LiHuaWorld\LiHua-World\week38\20260922_1700.txt)",Galadriel,True,False,True,1.0,0.0,0.4999999962500001,0.0,0,0.865485429763794
20260518_1000,FINAL ANSWER: Family gatherings and relaxing afternoons; he’s also excited for the kids to have their own play area. “I’m thinking it would be great for some family gatherings and relaxing afternoons. Can’t wait for the kids to have their own play area too!” (Source: C:\Users\Francisco Azeredo\OneDrive\Documents\tecnico\5 ano\tese\Código\MiniRAG\dataset\LiHua-World\data\LiHuaWorld\LiHua-World\week20\20260518_1000.txt),For family gatherings and relaxing afternoons,True,False,False,1.0,0.35714285714285715,0.5263157851523547,0.8333333333333334,0.38461538461538464,0.6521705985069275
20260922_1200,"FINAL ANSWER: Fire Emblem. 
Source: “Have you tried ‘Fire Emblem’ for some tactical fun? It has a great story and character development too!” 
Cited from: C:\Users\Francisco Azeredo\OneDrive\Documents\tecnico\5 ano\tese\Código\MiniRAG\dataset\LiHua-World\data\LiHuaWorld\LiHua-World\week38\20260922_1200.txt",Fire Emblem,True,False,True,1.0,0.2,0.6666666622222223,0.5,0.25,0.8158654570579529
20260525_1500,FINAL ANSWER: “I Will Survive” and “Sweet Caroline.” Source: C:\Users\Francisco Azeredo\OneDrive\Documents\tecnico\5 ano\tese\Código\MiniRAG\dataset\LiHua-World\data\LiHuaWorld\LiHua-World\week21\20260525_1500.txt — “Maybe ‘I Will Survive’ or something upbeat like ‘Sweet Caroline’?”,"I Will Survive and ""Sweet Caroline""",True,False,True,1.0,0.07692307692307693,0.13333333013333343,0.3333333333333333,0.08695652173913045,0.8031167387962341
20260622_1100,"FINAL ANSWER: A quick survey about Li Hua’s experience with their training sessions so far. Source: C:\Users\Francisco Azeredo\OneDrive\Documents\tecnico\5 ano\tese\Código\MiniRAG\dataset\LiHua-World\data\LiHuaWorld\LiHua-World\week25\20260622_1100.txt — ""a quick survey about your experience with our training sessions so far?""",the experience with our training sessions so far,True,False,False,0.875,0.3157894736842105,0.5217391258979208,0.75,0.35294117647058826,0.5812236666679382
What,"FINAL ANSWER: To find deeper meaning and fulfillment in Westworld—“find deeper meaning and fulfillment,” seeking truth and boundary‑pushing experiences tied to his past and guilt. Source: C:\Users\Francisco Azeredo\OneDrive\Documents\tecnico\5 ano\tese\Código\MiniRAG\dataset\LiHua-World\data\LiHuaWorld\LiHua-World\week37\20260916_1600.txt",To find deeper meaning and fulfillment in Westworld	20260916_16:00,False,False,False,0.8,0.3333333333333333,0.4827586164090369,0.7777777777777778,0.28,0.8181335926055908
20260107_1500,FINAL ANSWER: She asks if it’s possible to get a small repair done on the squeaky door hinge (“is it’s possible to get a small repair done on the door hinge? It’s been squeaking quite a bit.”). Source: C:\Users\Francisco Azeredo\OneDrive\Documents\tecnico\5 ano\tese\Código\MiniRAG\dataset\LiHua-World\data\LiHuaWorld\LiHua-World\week1\20260107_1500.txt,a small repair,True,False,True,1.0,0.15,0.26086956294896035,1.0,0.16666666666666669,0.4458502233028412
20261006_1000,FINAL ANSWER: She admires how Rodri anchors the midfield by breaking up opposition plays and quickly transitioning the ball—“so good at breaking up opposition plays and quickly transitioning the ball.” Source: C:\Users\Francisco Azeredo\OneDrive\Documents\tecnico\5 ano\tese\Código\MiniRAG\dataset\LiHua-World\data\LiHuaWorld\LiHua-World\week40\20261006_1000.txt,His ability to break up opposition plays and transition the ball,True,False,False,0.5454545454545454,0.16129032258064516,0.31578946957063714,0.45454545454545453,0.14705882352941177,0.4827021360397339
20260920_1600,FINAL ANSWER: ThaneChambers recalls a clutch comeback where his team “came back from a tough spot and snagged the win at the last second.” Source: C:\Users\Francisco Azeredo\OneDrive\Documents\tecnico\5 ano\tese\Código\MiniRAG\dataset\LiHua-World\data\LiHuaWorld\LiHua-World\week37\20260920_1600.txt,Coming back from a tough spot to win at the last second,True,False,False,0.8333333333333334,0.3103448275862069,0.49999999580000004,0.75,0.32142857142857145,0.41755053400993347
20260922_1200,"FINAL ANSWER: She says you can adjust audio settings “on the fly” without pausing, which “makes it so convenient when you're in the heat of action.” Source: C:\Users\Francisco Azeredo\OneDrive\Documents\tecnico\5 ano\tese\Código\MiniRAG\dataset\LiHua-World\data\LiHuaWorld\LiHua-World\week38\20260922_1200.txt",You can adjust audio settings on the fly without having to pause the game,True,False,False,0.6923076923076923,0.2,0.2727272685640496,0.5384615384615384,0.26666666666666666,0.7463587522506714
20261014_1400,"FINAL ANSWER: She thinks a good matchmaking system “can make or break the experience,” because it helps find players who vibe well together and keeps the game balanced and enjoyable. Source: C:\Users\Francisco Azeredo\OneDrive\Documents\tecnico\5 ano\tese\Código\MiniRAG\dataset\LiHua-World\data\LiHuaWorld\LiHua-World\week41\20261014_1400.txt (“Absolutely, a good matchmaking system can make or break the experience! It’s so important to find players who vibe well together. Plus, it helps with game balance…”)",they can make or break the experience,True,False,False,0.8571428571428571,0.29411764705882354,0.43478260446124767,0.7142857142857143,0.3333333333333333,0.4334436058998108
20260726_1600,FINAL ANSWER: Spider-Man. “I think Spider-Man is my fave!” [source: C:\Users\Francisco Azeredo\OneDrive\Documents\tecnico\5 ano\tese\Código\MiniRAG\dataset\LiHua-World\data\LiHuaWorld\LiHua-World\week29\20260726_1600.txt],Spider-Man,True,False,True,1.0,0.1,0.4999999962500001,1.0,0.10000000000000002,0.8679975867271423
20260915_1200,"FINAL ANSWER: Merrick suggests they rebuild trust through actions, not words—Jaime consistently demonstrating honor and duty, leaning on Brienne’s respected reputation, and focusing on helping the common people. 
Quote: “rebuilding trust through actions rather than just words… Jaime could have really shown his dedication to honor and duty… They could’ve even focused on helping the common people.” 
Source: C:\Users\Francisco Azeredo\OneDrive\Documents\tecnico\5 ano\tese\Código\MiniRAG\dataset\LiHua-World\data\LiHuaWorld\LiHua-World\week37\20260915_1200.txt",Worked on rebuilding trust through actions rather than just words,True,False,False,0.9,0.19444444444444445,0.311111107654321,0.7,0.2121212121212121,0.49410149455070496
20260915_1200,"FINAL ANSWER: Lachlan appreciates Arya’s evolution “from the innocent girl in Winterfell to a fierce assassin,” and he finds “her list of names and the whole revenge theme” intriguing. Source: C:\Users\Francisco Azeredo\OneDrive\Documents\tecnico\5 ano\tese\Código\MiniRAG\dataset\LiHua-World\data\LiHuaWorld\LiHua-World\week37\20260915_1200.txt",Her transition from an innocent girl to a fierce assassin,True,False,False,0.8,0.15625,0.27027026632578527,0.5,0.1724137931034483,0.5319636464118958
20260629_1830,"FINAL ANSWER: Chae recommends “Uptown Funk” and “Happy.” 
Source: C:\Users\Francisco Azeredo\OneDrive\Documents\tecnico\5 ano\tese\Código\MiniRAG\dataset\LiHua-World\data\LiHuaWorld\LiHua-World\week26\20260629_1830.txt
Quote: “Maybe something fun like ‘Uptown Funk’ or ‘Happy’?”","Uptown Funk or ""Happy""",True,False,True,1.0,0.041666666666666664,0.07407407155006868,0.25,0.047619047619047616,0.7790736556053162
20260908_1500,"FINAL ANSWER: Wolfgang’s latest good news (as of 2026-09-08) is that his software project “finally made some significant progress.” Source: ""C:\Users\Francisco Azeredo\OneDrive\Documents\tecnico\5 ano\tese\Código\MiniRAG\dataset\LiHua-World\data\LiHuaWorld\LiHua-World\week36\20260908_1500.txt"" — “my software project finally made some significant progress!”",software project finally made some significant progress,True,False,True,1.0,0.21428571428571427,0.38888888575617286,0.8571428571428571,0.1875,0.6204730868339539
20260131_1400,FINAL ANSWER: Go for a walk (and maybe bring a camera). “Maybe I’ll treat myself to a walk… I’ll definitely do that. Maybe I’ll bring my camera too.” Source: C:\Users\Francisco Azeredo\OneDrive\Documents\tecnico\5 ano\tese\Código\MiniRAG\dataset\LiHua-World\data\LiHuaWorld\LiHua-World\week3\20260123_1730.txt,go for a walk and find a new café,False,False,False,0.625,0.2857142857142857,0.33333332839506175,0.5,0.45454545454545453,0.4567071795463562
20261005_1005,"FINAL ANSWER: Chips and dip, and pizza. “Oh yeah, gotta have some chips and dip! Pizza is a must too!” Source: C:\Users\Francisco Azeredo\OneDrive\Documents\tecnico\5 ano\tese\Código\MiniRAG\dataset\LiHua-World\data\LiHuaWorld\LiHua-World\week40\20261005_1005.txt",Chips and dip & pizza,True,False,True,1.0,0.2222222222222222,0.5454545404958678,0.4,0.2857142857142857,0.9047212600708008
20260922_1200,FINAL ANSWER: Primrose. Source: C:\Users\Francisco Azeredo\OneDrive\Documents\tecnico\5 ano\tese\Código\MiniRAG\dataset\LiHua-World\data\LiHuaWorld\LiHua-World\week38\20260922_12:00.txt — “I loved Primrose’s story; it was so emotional.”,Primrose,False,False,True,1.0,0.0,0.4999999962500001,0.0,0,0.8343176245689392
20261024_1100,"FINAL ANSWER: Epic games. ""I’ll make sure to bring some epic games to keep everyone entertained!"" (Source: C:\Users\Francisco Azeredo\OneDrive\Documents\tecnico\5 ano\tese\Código\MiniRAG\dataset\LiHua-World\data\LiHuaWorld\LiHua-World\week42\20261024_1100.txt)",some epic games,True,False,True,1.0,0.2727272727272727,0.42857142520408165,1.0,0.25,0.7728233933448792
20260928_1000,"FINAL ANSWER: 150 cm wide and 120 cm high. 
Source: ""Just measured it! The window is 150 cm wide and 120 cm high."" 
File: C:\Users\Francisco Azeredo\OneDrive\Documents\tecnico\5 ano\tese\Código\MiniRAG\dataset\LiHua-World\data\LiHuaWorld\LiHua-World\week39\20260928_1000.txt",150 cm wide and 120 cm high,True,False,True,1.0,0.5555555555555556,0.8571428522448981,0.8333333333333334,0.6666666666666666,0.8964256048202515
20260922_1200,FINAL ANSWER: God of War. Source: C:\Users\Francisco Azeredo\OneDrive\Documents\tecnico\5 ano\tese\Código\MiniRAG\dataset\LiHua-World\data\LiHuaWorld\LiHua-World\week38\20260922_1200.txt — “I’m kinda obsessed with the graphics and storytelling in ‘God of War.’”,God of War,True,False,True,1.0,0.3333333333333333,0.7499999953125,0.6666666666666666,0.4,0.8345479965209961
20260531_2000,FINAL ANSWER: Banana durian cheesecake. Source: C:\Users\Francisco Azeredo\OneDrive\Documents\tecnico\5 ano\tese\Código\MiniRAG\dataset\LiHua-World\data\LiHuaWorld\LiHua-World\week21\20260531_2000.txt — “I saw the new banana durian cheesecake you showcased today. Can I get a try when you deliver on Monday?”,the new banana durian cheesecake,True,False,True,1.0,0.3333333333333333,0.4761904725623583,1.0,0.4,0.8755584955215454
20261001_2000,"FINAL ANSWER: The “first encounter with the giant enemies” — he loved strategizing how to take them down and the breathtaking scenery. Source: C:\Users\Francisco Azeredo\OneDrive\Documents\tecnico\5 ano\tese\Código\MiniRAG\dataset\LiHua-World\data\LiHuaWorld\LiHua-World\week39\20261001_2000.txt. Short quote: “I loved the part where you first encounter the giant enemies. The thrill of strategizing how to take them down was awesome. Plus, the scenery during that fight was breathtaking!”",The fresh take on the classic tale and the unique combat mechanics,True,False,False,0.3,0.1111111111111111,0.2499999954882813,0.3,0.22727272727272727,0.43495818972587585
20260603_0945,FINAL ANSWER: Hazelnut Basque Roasted Cheese. Source: C:\Users\Francisco Azeredo\OneDrive\Documents\tecnico\5 ano\tese\Código\MiniRAG\dataset\LiHua-World\data\LiHuaWorld\LiHua-World\week22\20260603_0945.txt — “I just wanted to let you know I have a new weekly flavor – Hazelnut Basque Roasted Cheese!”,Hazelnut Basque Roasted Cheese,True,False,True,1.0,0.42857142857142855,0.7999999952000001,0.75,0.5,0.9082927107810974
20260909_1000,"FINAL ANSWER: The side quest with the “troubled” horse. 
Source: C:\Users\Francisco Azeredo\OneDrive\Documents\tecnico\5 ano\tese\Código\MiniRAG\dataset\LiHua-World\data\LiHuaWorld\LiHua-World\week36\20260909_1000.txt
Quote: “I loved the side quest with the ‘troubled’ horse, you could really see how Arthur's empathy shines through.”",the “troubled” horse,True,False,True,1.0,0.2222222222222222,0.4999999962500001,0.6666666666666666,0.2222222222222222,0.7849205732345581
20260923_1600,FINAL ANSWER: WolfgangSchulz — “Hey! Wanna hit the grocery store after work today?” (source: C:\Users\Francisco Azeredo\OneDrive\Documents\tecnico\5 ano\tese\Código\MiniRAG\dataset\LiHua-World\data\LiHuaWorld\LiHua-World\week38\20260923_1600.txt),WolfgangSchulz,True,False,True,1.0,0.2,0.33333333055555564,1.0,0.2,0.7375362515449524
20260219_2000,"FINAL ANSWER: Adam Smith agreed as long as the decorations are reversible and don’t damage anything. 
Source: C:\Users\Francisco Azeredo\OneDrive\Documents\tecnico\5 ano\tese\Código\MiniRAG\dataset\LiHua-World\data\LiHuaWorld\LiHua-World\week7\20260219_2000.txt
Quote: “As long as it’s reversible and doesn’t damage anything, I’m okay with it.”",must be reversible and not damage anything,True,False,False,0.5714285714285714,0.15789473684210525,0.3636363592975207,0.42857142857142855,0.1875,0.5740557312965393
20261013_1330,"FINAL ANSWER: I couldn’t find any references to “MuradinBronzebeard” in the available database, so I don’t have a sourced answer about their view on live music. In the LiHuaWorld collection, the only “live music” mention I found was from a different user: “Got an extra ticket for a concert… enjoy some live music!” (C:\Users\Francisco Azeredo\OneDrive\Documents\tecnico\5 ano\tese\Código\MiniRAG\dataset\LiHua-World\data\LiHuaWorld\LiHua-World\week9\20260302_1800.txt)",It would really enhance the experience,False,False,False,0.16666666666666666,0.03333333333333333,0.06451612591051004,0.16666666666666666,0.03846153846153846,0.09918331354856491
20260922_1700,FINAL ANSWER: Emily appreciates that the show’s visuals “bring Middle-earth to life.” Source: C:\Users\Francisco Azeredo\OneDrive\Documents\tecnico\5 ano\tese\Código\MiniRAG\dataset\LiHua-World\data\LiHuaWorld\LiHua-World\week38\20260922_1700.txt. Quote: “I really love how they are bringing Middle-earth to life.”,How they are bringing Middle-earth to life,True,False,True,1.0,0.5,0.6315789427146814,0.8571428571428571,0.5454545454545454,0.8333176970481873
20261011_1100,"FINAL ANSWER: ThaneChambers. “Hey everyone! When it comes to game storytelling, what is your top choice?” Source: C:\Users\Francisco Azeredo\OneDrive\Documents\tecnico\5 ano\tese\Código\MiniRAG\dataset\LiHua-World\data\LiHuaWorld\LiHua-World\week40\20261011_1100.txt",ThaneChambers,True,False,True,1.0,0.0,0.4999999962500001,0.0,0,0.8447052240371704
20261014_2000,FINAL ANSWER: The 2022 Champions League comeback against Manchester City (Rodrygo’s stoppage-time equalizer). Source: C:\Users\Francisco Azeredo\OneDrive\Documents\tecnico\5 ano\tese\Código\MiniRAG\dataset\LiHua-World\data\LiHuaWorld\LiHua-World\week41\20261014_2000.txt — “One that really stuck with me was the famous Champions League comeback against Manchester City in 2022! That stoppage-time goal by Rodrygo was just epic!”,Champions League against Manchester City in 2022,True,False,False,1.0,0.42857142857142855,0.59999999545,0.8571428571428571,0.46153846153846156,0.7267040610313416
20260727_1630,FINAL ANSWER: Soccer and basketball. Source: C:\Users\Francisco Azeredo\OneDrive\Documents\tecnico\5 ano\tese\Código\MiniRAG\dataset\LiHua-World\data\LiHuaWorld\LiHua-World\week30\20260727_1630.txt — “I’d love to see some team sports like soccer or basketball!”,some team sports like soccer or basketball,True,False,True,1.0,0.35294117647058826,0.4999999958680556,0.8571428571428571,0.375,0.6692870855331421
20260925_2100,FINAL ANSWER: Hamstring stretch and quad stretch. “I love doing the hamstring stretch and quad stretch. They target those key areas for soccer!” Source: C:\Users\Francisco Azeredo\OneDrive\Documents\tecnico\5 ano\tese\Código\MiniRAG\dataset\LiHua-World\data\LiHuaWorld\LiHua-World\week38\20260925_2100.txt,Hamstring stretch and quad stretch,True,False,True,1.0,0.5714285714285714,0.7999999952000001,1.0,0.5714285714285714,0.9052138924598694
20260917_1000,"FINAL ANSWER: JakeWatson sees Messi’s influence as “massive,” emphasizing that it’s not just Messi’s skills but “how he approaches the game.” He believes young players “now have someone to aspire to—his dedication and consistency set the bar high,” which will “shape how future stars play.” Source: C:\Users\Francisco Azeredo\OneDrive\Documents\tecnico\5 ano\tese\Código\MiniRAG\dataset\LiHua-World\data\LiHuaWorld\LiHua-World\week37\20260917_1000.txt",His dedication and consistency set the bar high for young players,True,False,False,0.9090909090909091,0.16326530612244897,0.2666666636722222,0.7272727272727273,0.16326530612244897,0.5076562762260437
20260113_1100,"FINAL ANSWER: WolfgangSchulz. ""I'm thinking of celebrating Chinese Lunar New Year at my place on Jan 18th. Wanna come over and join the fun?"" (source: C:\Users\Francisco Azeredo\OneDrive\Documents\tecnico\5 ano\tese\Código\MiniRAG\dataset\LiHua-World\data\LiHuaWorld\LiHua-World\week2\20260113_1100.txt)",Wolfgang,True,False,True,0.0,0.0,0.0,0.0,0,0.7008479237556458
20261014_2000,"FINAL ANSWER: Carlo Ancelotti. Source: C:\Users\Francisco Azeredo\OneDrive\Documents\tecnico\5 ano\tese\Código\MiniRAG\dataset\LiHua-World\data\LiHuaWorld\LiHua-World\week41\20261014_2000.txt — “Plus, Ancelotti knows how to get the best out of his players…”",Ancelotti,True,False,True,1.0,0.058823529411764705,0.39999999680000003,1.0,0.0588235294117647,0.7521228194236755
20260113_1100,"FINAL ANSWER: He plans to host the celebration at his place on Jan 18, cooking traditional dishes (including dumplings), putting up decorations, and serving green tea and fruity drinks. “I’m thinking of celebrating Chinese Lunar New Year at my place on Jan 18th… I’ll probably cook some traditional dishes and maybe get a few decorations going too.” [Source: C:\Users\Francisco Azeredo\OneDrive\Documents\tecnico\5 ano\tese\Código\MiniRAG\dataset\LiHua-World\data\LiHuaWorld\LiHua-World\week2\20260113_1100.txt]",dumplings,True,False,True,1.0,0.0,0.0,0.0,0,0.40114346146583557
20261010_1010,FINAL ANSWER: Jaime Lannister — “Her dynamic with Jaime also shows that struggle; it’s complicated!” (Source: C:\Users\Francisco Azeredo\OneDrive\Documents\tecnico\5 ano\tese\Código\MiniRAG\dataset\LiHua-World\data\LiHuaWorld\LiHua-World\week40\20261010_1010.txt),Jaime,True,False,True,1.0,0.05555555555555555,0.09999999905000001,1.0,0.05263157894736841,0.6101555824279785
20260612_1500,"FINAL ANSWER: LiHua. 
Source: C:\Users\Francisco Azeredo\OneDrive\Documents\tecnico\5 ano\tese\Código\MiniRAG\dataset\LiHua-World\data\LiHuaWorld\LiHua-World\week23\20260612_1500.txt
Quote: “How about adding picnic tables for families to enjoy some snacks after playing? It could create a nice gathering spot!”",Li Hua,True,False,False,0.0,0.0,0.0,0.0,0,0.5323113799095154
20260616_1040,"FINAL ANSWER: To thank and appreciate their landlord, Mr. Smith (Adam Smith), for renting them the basement that the band uses to practice—calling it “a great space to jam” and noting they can play without disturbing anyone. 
Source: C:\Users\Francisco Azeredo\OneDrive\Documents\tecnico\5 ano\tese\Código\MiniRAG\dataset\LiHua-World\data\LiHuaWorld\LiHua-World\week24\20260616_1040.txt
Quote: “it is really nice for Mr. Smith to rent this basement to us for practice. It's such a great space to jam together! … Plus, it's nice that we can play without disturbing anyone.”",LiHua thinks it is really nice for Mr. Smith to rent this basement to us for practice,True,False,False,0.9333333333333333,0.5,0.7058823480103807,0.7333333333333333,0.65,0.6666268110275269
20261001_2000,"FINAL ANSWER: ThaneChambers highlights Sekiro’s:
- Unique, timing- and strategy-based combat (“unique combat system… all about timing and strategy”)
- High challenge with tough battles (“be ready for some tough battles”)
- Cool world design (“the world design is super cool”)
- Rich story and great atmosphere (“The story is rich and has a great atmosphere”)

Source: “C:\Users\Francisco Azeredo\OneDrive\Documents\tecnico\5 ano\tese\Código\MiniRAG\dataset\LiHua-World\data\LiHuaWorld\LiHua-World\week39\20261001_2000.txt”",Unique combat system & timing & strategy & world design,True,False,False,1.0,0.08163265306122448,0.14285714040816327,0.5,0.06666666666666667,0.5196506977081299
20260913_1800,"FINAL ANSWER: At least 5 servings of vegetables per day. Source: C:\Users\Francisco Azeredo\OneDrive\Documents\tecnico\5 ano\tese\Código\MiniRAG\dataset\LiHua-World\data\LiHuaWorld\LiHua-World\week36\20260913_1800.txt — ""Aim for at least 5 servings of veggies a day.""",at least 5 servings of veggies a day,True,False,True,1.0,0.4375,0.639999995648,0.875,0.5,0.8805453777313232
20260914_1000,"FINAL ANSWER: To safely build a foundation—bodyweight exercises help beginners develop joint-supporting strength, core stability, and proper movement patterns before adding external load, reducing injury risk and preparing you for weighted training. 
- “Strength training helps build the muscles around your joints… You can start with bodyweight exercises if you’re new to it.” (source: C:\Users\Francisco Azeredo\OneDrive\Documents\tecnico\5 ano\tese\Código\MiniRAG\dataset\LiHua-World\data\LiHuaWorld\LiHua-World\week37\20260914_1000.txt)
- “Bodyweight squats – great for leg strength. Plank holds – excellent for core stability.” (source: C:\Users\Francisco Azeredo\OneDrive\Documents\tecnico\5 ano\tese\Código\MiniRAG\dataset\LiHua-World\data\LiHuaWorld\LiHua-World\week5\20260205_1300.txt)",for those who are new to strength training,True,False,False,0.625,0.1111111111111111,0.2380952350113379,0.5,0.12121212121212123,0.47763529419898987
20260819_1800,"FINAL ANSWER: The group discussed:
- Final Fantasy XVI — “I’m really hyped for ‘Final Fantasy XVI.’” (C:\Users\Francisco Azeredo\OneDrive\Documents\tecnico\5 ano\tese\Código\MiniRAG\dataset\LiHua-World\data\LiHuaWorld\LiHua-World\week33\20260819_1800.txt)
- Marvel’s Spider-Man 2 — “Also, I'm curious about ‘Marvel’s Spider-Man 2’ – swinging through the city as both Peter and Miles sounds so fun!” (same file as above)
- Ghostwire: Tokyo — “I’d love to hear what everyone thinks about ‘Ghostwire: Tokyo’ too!” (same file as above)",Final Fantasy XVI & Marvel's Spider-Man 2 & Ghostwire: Tokyo,True,False,False,1.0,0.125,0.2121212097658402,0.7777777777777778,0.10294117647058823,0.7822840213775635
20260930_1400,"FINAL ANSWER: JenniferMoore.  
Source: C:\Users\Francisco Azeredo\OneDrive\Documents\tecnico\5 ano\tese\Código\MiniRAG\dataset\LiHua-World\data\LiHuaWorld\LiHua-World\week39\20260930_1400.txt — ""Just wanted to say congrats on pushing your limits with the bench press this week!""",JenniferMoore,True,False,True,1.0,0.0,0.4999999962500001,0.0,0,0.820883572101593
20260907_1400,"FINAL ANSWER: All good—no water leakage, just a bit damp; nothing major. Source: C:\Users\Francisco Azeredo\OneDrive\Documents\tecnico\5 ano\tese\Código\MiniRAG\dataset\LiHua-World\data\LiHuaWorld\LiHua-World\week36\20260907_1400.txt — “The basement is all good, no water leakage at all. Just a bit damp, but nothing major.”",The basement is all good no water leakage at all,True,False,True,1.0,0.4117647058823529,0.5833333286458334,0.7777777777777778,0.4666666666666667,0.716234028339386
